<?xml version="1.0" encoding="utf-8" ?>
<Module>
  <ModulePrefs title="__msg_title__" />
  <UserPref name="records" display_name="__msg_records__" default_value="10" />
  <Content type="html">
    <![CDATA[ 
      <table class="list">
        <colgroup>
          <col width="*" />
          <col width="95" />
        </colgroup>       
        <tbody />        
      </table>  
      <div class="paging">
        <a href="javascript:void(0);" class="previous">__msg_previous__</a>, <a href="javascript:void(0);" class="next">__msg_next__</a>
      </div>
      <script type="text/javascript">
        var Workflow__MODULE_ID__ = {
          jQuery: $,
          
          init: function() {
            var widget = new LemoonWidget.init(__MODULE_ID__);
            if ((widget.getInt("records") - 0) == widget.getInt("records")) {
              this.listPages(0, widget.getInt("records"));            
            } else {
              this.listPages(0, 10);
            } 
          },
                    
          listPages: function(pageIndex, pageSize) {
              var widget = new LemoonWidget.init(__MODULE_ID__);
              var module = this;
         
              widget.startLoading($(".list", widget.handle));
              $(".list tbody", widget.handle).children().remove();
              
              $.ajax({
                type: "POST",
                contentType: "application/json; charset=utf-8",
                url: widget.baseUrl() + "admin/api/content/getworkflowitems/?pageIndex=" + pageIndex + "&pageSize=" + pageSize,
                dataType: "json",
                cache: false,
                error: function(XMLHttpRequest, textStatus, errorThrown) {
                  widget.endLoading($(".list", widget.handle));
                  $(".paging", widget.handle).hide();
                  alert("Comments widget failed to load: " + XMLHttpRequest.textStatus);
                },
                success: function(data, textStatus) {
                  if (typeof(data.Status) != "undefined" && data.Status == "error") {
                    widget.endLoading($(".list", widget.handle));
                    $(".paging", widget.handle).hide();
                    $(".list", widget.handle).append($("<tr />").append($("<td />").attr("colspan", "2").text(data.Message)));
                  } else {
                    var row, counter = 0;
               
                    $.each(data.Items, function(i, item) { 

                      row = $("<tr />");

                      // odd row
                      if (counter%2 != 0) {
                        row.addClass("alt");
                      }
                      counter++;

                      row.append($("<td />").html('<a href="' + item.Url + '" title="' + item.Title + '">' + item.ShortTitle + '</a>'));
                      row.append($("<td />").html(item.Status));
                      row.append($("<td />").addClass('right').html(item.DateText));
                      $(".list tbody", widget.handle).append(row);
                      
                    });
                    // Set paging
                    var next, prev;
                    
                    next = $(".next", widget.handle).unbind().removeClass("disabled");
                    prev = $(".previous", widget.handle).unbind().removeClass("disabled");
                   
                    if (data.HasNextPage) {
                      next.click(function () {
                        module.listPages(pageIndex + 1, pageSize);
                      });
                    } else {
                      next.addClass("disabled");
                    }

                    if (data.HasPreviousPage) {
                      prev.click(function () {
                        module.listPages(pageIndex - 1, pageSize);
                      });
                    } else {
                      prev.addClass("disabled");
                    }
                    widget.endLoading($(".list", widget.handle));
                  }
                }
              });              
           }
       };  
       Workflow__MODULE_ID__.init();
       </script>
     ]]>
  </Content>
</Module>