﻿<?xml version="1.0" encoding="utf-8" ?>
<messagebundle>
  <msg name="title">Google Analytics</msg>
  <msg name="username">Username</msg>
  <msg name="password">Password</msg>
  <msg name="profileid">Web site</msg>
  <msg name="visits">Visits last 7 days</msg>
  <msg name="top">Top 10 pages last month</msg>
  <msg name="country">Visits by country last month</msg>  
  <msg name="type">Report</msg>
  <msg name="error">Widget failed to load report. Please verify username, password and web site. The web site should be the same as specified in your Google Analytics account.</msg>
  <msg name="supplyvalues">Please enter username, password and web site. The web site should be the same as specified in your Google Analytics account.</msg>
  <msg name="titlelabel">Widget title</msg>
</messagebundle>